{"cameraMode":{"drawMode":0,"name":"Shaded","section":"Shading Mode"},"sceneLighting":true,"audioPlay":false,"sceneViewState":{"showFog":true,"showMaterialUpdate":false,"showSkybox":true,"showFlares":true,"showImageEffects":true,"showParticleSystems":true},"in2DMode":false,"pivot":{"x":356.48199462890627,"y":273.8798828125,"z":-16.4949951171875},"rotation":{"x":-0.07523681223392487,"y":-0.011364051140844822,"z":0.0008581067668274045,"w":-0.9971006512641907},"size":972.4472045898438,"orthographic":false}